Unit,Block,SampleName,HarvestTime,AMFIsolate,ColonizationRegion,Fertilizer,Tillage,Treatment,ConcentrationPeruL,AcceptedDroplets
22,1,CC4-high-fert-2mos-1,2,CC4,Roots,High,NoTill,highfert-notill,0,15413
13,10,CC4-high-fert-2mos-10,2,CC4,Roots,High,NoTill,highfert-notill,0,16270
33,2,CC4-high-fert-2mos-2,2,CC4,Roots,High,NoTill,highfert-notill,4.1,15144
27,3,CC4-high-fert-2mos-3,2,CC4,Roots,High,NoTill,highfert-notill,0,15187
8,4,CC4-high-fert-2mos-4,2,CC4,Roots,High,NoTill,highfert-notill,0,17761
5,5,CC4-high-fert-2mos-5,2,CC4,Roots,High,NoTill,highfert-notill,0.7,18253
9,6,CC4-high-fert-2mos-6,2,CC4,Roots,High,NoTill,highfert-notill,3.4,17369
19,7,CC4-high-fert-2mos-7,2,CC4,Roots,High,NoTill,highfert-notill,0.5,16186
30,8,CC4-high-fert-2mos-8,2,CC4,Roots,High,NoTill,highfert-notill,0.9,16797
36,9,CC4-high-fert-2mos-9,2,CC4,Roots,High,NoTill,highfert-notill,1.5,18037
12,1,CC4-high-fert-till-2mos-1,2,CC4,Roots,High,Till,highfert-till,0.8,16505
10,10,CC4-high-fert-till-2mos-10,2,CC4,Roots,High,Till,highfert-till,0.5,15631
15,2,CC4-high-fert-till-2mos-2,2,CC4,Roots,High,Till,highfert-till,0.4,15132
11,3,CC4-high-fert-till-2mos-3,2,CC4,Roots,High,Till,highfert-till,0,14600
21,4,CC4-high-fert-till-2mos-4,2,CC4,Roots,High,Till,highfert-till,0.3,14639
34,5,CC4-high-fert-till-2mos-5,2,CC4,Roots,High,Till,highfert-till,1.2,17717
25,6,CC4-high-fert-till-2mos-6,2,CC4,Roots,High,Till,highfert-till,0,12160
7,7,CC4-high-fert-till-2mos-7,2,CC4,Roots,High,Till,highfert-till,0,18020
16,8,CC4-high-fert-till-2mos-8,2,CC4,Roots,High,Till,highfert-till,0,17254
38,9,CC4-high-fert-till-2mos-9,2,CC4,Roots,High,Till,highfert-till,8,15952
26,1,CC4-no-fert-2mos-1,2,CC4,Roots,No,NoTill,nofert-notill,1.8,18248
32,10,CC4-no-fert-2mos-10,2,CC4,Roots,No,NoTill,nofert-notill,1.5,14493
44,2,CC4-no-fert-2mos-2,2,CC4,Roots,No,NoTill,nofert-notill,1.6,18464
41,3,CC4-no-fert-2mos-3,2,CC4,Roots,No,NoTill,nofert-notill,1.5,11238
4,4,CC4-no-fert-2mos-4,2,CC4,Roots,No,NoTill,nofert-notill,0.7,15746
18,5,CC4-no-fert-2mos-5,2,CC4,Roots,No,NoTill,nofert-notill,1.7,14082
24,6,CC4-no-fert-2mos-6,2,CC4,Roots,No,NoTill,nofert-notill,0.7,16105
17,7,CC4-no-fert-2mos-7,2,CC4,Roots,No,NoTill,nofert-notill,0,19248
3,8,CC4-no-fert-2mos-8,2,CC4,Roots,No,NoTill,nofert-notill,2.9,11667
28,9,CC4-no-fert-2mos-9,2,CC4,Roots,No,NoTill,nofert-notill,0,15676
2,1,CC4-no-fert-till-2mos-1,2,CC4,Roots,No,Till,nofert-till,0.9,18047
29,10,CC4-no-fert-till-2mos-10,2,CC4,Roots,No,Till,nofert-till,0.6,15106
35,2,CC4-no-fert-till-2mos-2,2,CC4,Roots,No,Till,nofert-till,0.9,14118
14,3,CC4-no-fert-till-2mos-3,2,CC4,Roots,No,Till,nofert-till,1,15945
6,4,CC4-no-fert-till-2mos-4,2,CC4,Roots,No,Till,nofert-till,0,14170
37,5,CC4-no-fert-till-2mos-5,2,CC4,Roots,No,Till,nofert-till,2.5,13855
23,6,CC4-no-fert-till-2mos-6,2,CC4,Roots,No,Till,nofert-till,0.7,18651
31,7,CC4-no-fert-till-2mos-7,2,CC4,Roots,No,Till,nofert-till,0.8,16232
1,8,CC4-no-fert-till-2mos-8,2,CC4,Roots,No,Till,nofert-till,0,19076
20,9,CC4-no-fert-till-2mos-9,2,CC4,Roots,No,Till,nofert-till,1,17367
13,1,Control-high-fert-2mos-1,2,Control,Roots,High,NoTill,highfert-notill,0,20444
289,10,Control-high-fert-2mos-10,2,Control,Roots,High,NoTill,highfert-notill,0,18936
42,2,Control-high-fert-2mos-2,2,Control,Roots,High,NoTill,highfert-notill,0,20233
78,3,Control-high-fert-2mos-3,2,Control,Roots,High,NoTill,highfert-notill,0,14366
120,4,Control-high-fert-2mos-4,2,Control,Roots,High,NoTill,highfert-notill,0,14234
154,5,Control-high-fert-2mos-5,2,Control,Roots,High,NoTill,highfert-notill,0,12518
184,6,Control-high-fert-2mos-6,2,Control,Roots,High,NoTill,highfert-notill,0,19176
220,7,Control-high-fert-2mos-7,2,Control,Roots,High,NoTill,highfert-notill,0,18440
238,8,Control-high-fert-2mos-8,2,Control,Roots,High,NoTill,highfert-notill,0,12490
274,9,Control-high-fert-2mos-9,2,Control,Roots,High,NoTill,highfert-notill,0,18037
15,1,Control-high-fert-till-2mos-1,2,Control,Roots,High,Till,highfert-till,0,15775
301,10,Control-high-fert-till-2mos-10,2,Control,Roots,High,Till,highfert-till,0,18178
34,2,Control-high-fert-till-2mos-2,2,Control,Roots,High,Till,highfert-till,0,18555
70,3,Control-high-fert-till-2mos-3,2,Control,Roots,High,Till,highfert-till,0,15562
114,4,Control-high-fert-till-2mos-4,2,Control,Roots,High,Till,highfert-till,0,15045
160,5,Control-high-fert-till-2mos-5,2,Control,Roots,High,Till,highfert-till,0,11613
173,6,Control-high-fert-till-2mos-6,2,Control,Roots,High,Till,highfert-till,0,20524
198,7,Control-high-fert-till-2mos-7,2,Control,Roots,High,Till,highfert-till,0,15865
251,8,Control-high-fert-till-2mos-8,2,Control,Roots,High,Till,highfert-till,0,17666
275,9,Control-high-fert-till-2mos-9,2,Control,Roots,High,Till,highfert-till,0,10120
28,1,Control-no-fert-2mos-1,2,Control,Roots,No,NoTill,nofert-notill,0,17250
316,10,Control-no-fert-2mos-10,2,Control,Roots,No,NoTill,nofert-notill,0,13012
56,2,Control-no-fert-2mos-2,2,Control,Roots,No,NoTill,nofert-notill,0,17420
85,3,Control-no-fert-2mos-3,2,Control,Roots,No,NoTill,nofert-notill,0,15938
118,4,Control-no-fert-2mos-4,2,Control,Roots,No,NoTill,nofert-notill,0,14112
137,5,Control-no-fert-2mos-5,2,Control,Roots,No,NoTill,nofert-notill,0,15293
168,6,Control-no-fert-2mos-6,2,Control,Roots,No,NoTill,nofert-notill,0,10563
217,7,Control-no-fert-2mos-7,2,Control,Roots,No,NoTill,nofert-notill,0,14382
227,8,Control-no-fert-2mos-8,2,Control,Roots,No,NoTill,nofert-notill,0,16340
277,9,Control-no-fert-2mos-9,2,Control,Roots,No,NoTill,nofert-notill,0,18277
20,1,Control-no-fert-till-2mos-1,2,Control,Roots,No,Till,nofert-till,0,10563
291,10,Control-no-fert-till-2mos-10,2,Control,Roots,No,Till,nofert-till,0,18228
45,2,Control-no-fert-till-2mos-2,2,Control,Roots,No,Till,nofert-till,0,14382
90,3,Control-no-fert-till-2mos-3,2,Control,Roots,No,Till,nofert-till,0,16340
97,4,Control-no-fert-till-2mos-4,2,Control,Roots,No,Till,nofert-till,0,18277
151,5,Control-no-fert-till-2mos-5,2,Control,Roots,No,Till,nofert-till,0,13012
166,6,Control-no-fert-till-2mos-6,2,Control,Roots,No,Till,nofert-till,0,16552
211,7,Control-no-fert-till-2mos-7,2,Control,Roots,No,Till,nofert-till,0,12925
237,8,Control-no-fert-till-2mos-8,2,Control,Roots,No,Till,nofert-till,0,20665
273,9,Control-no-fert-till-2mos-9,2,Control,Roots,No,Till,nofert-till,0,18506
169,1,Cuba8-high-fert-2mos-1,2,Cuba8,Roots,High,NoTill,highfert-notill,0.7,16828
203,10,Cuba8-high-fert-2mos-10,2,Cuba8,Roots,High,NoTill,highfert-notill,1.1,17156
171,2,Cuba8-high-fert-2mos-2,2,Cuba8,Roots,High,NoTill,highfert-notill,0,14058
176,3,Cuba8-high-fert-2mos-3,2,Cuba8,Roots,High,NoTill,highfert-notill,0.7,16766
184,4,Cuba8-high-fert-2mos-4,2,Cuba8,Roots,High,NoTill,highfert-notill,0,15916
180,5,Cuba8-high-fert-2mos-5,2,Cuba8,Roots,High,NoTill,highfert-notill,0,18421
161,6,Cuba8-high-fert-2mos-6,2,Cuba8,Roots,High,NoTill,highfert-notill,0,18178
192,7,Cuba8-high-fert-2mos-7,2,Cuba8,Roots,High,NoTill,highfert-notill,1.5,18176
177,8,Cuba8-high-fert-2mos-8,2,Cuba8,Roots,High,NoTill,highfert-notill,0,17162
196,9,Cuba8-high-fert-2mos-9,2,Cuba8,Roots,High,NoTill,highfert-notill,1.7,15882
183,1,Cuba8-high-fert-till-2mos-1,2,Cuba8,Roots,High,Till,highfert-till,0,18228
193,10,Cuba8-high-fert-till-2mos-10,2,Cuba8,Roots,High,Till,highfert-till,1.7,15747
181,2,Cuba8-high-fert-till-2mos-2,2,Cuba8,Roots,High,Till,highfert-till,0,20665
162,3,Cuba8-high-fert-till-2mos-3,2,Cuba8,Roots,High,Till,highfert-till,1.4,13012
191,4,Cuba8-high-fert-till-2mos-4,2,Cuba8,Roots,High,Till,highfert-till,0,15075
194,5,Cuba8-high-fert-till-2mos-5,2,Cuba8,Roots,High,Till,highfert-till,1.2,11406
173,6,Cuba8-high-fert-till-2mos-6,2,Cuba8,Roots,High,Till,highfert-till,0.7,12925
170,7,Cuba8-high-fert-till-2mos-7,2,Cuba8,Roots,High,Till,highfert-till,0,16552
182,8,Cuba8-high-fert-till-2mos-8,2,Cuba8,Roots,High,Till,highfert-till,0.8,18506
187,9,Cuba8-high-fert-till-2mos-9,2,Cuba8,Roots,High,Till,highfert-till,1,17926
195,1,Cuba8-no-fert-2mos-1,2,Cuba8,Roots,No,NoTill,nofert-notill,3.1,15865
167,10,Cuba8-no-fert-2mos-10,2,Cuba8,Roots,No,NoTill,nofert-notill,0.7,15075
174,2,Cuba8-no-fert-2mos-2,2,Cuba8,Roots,No,NoTill,nofert-notill,0.7,17059
190,3,Cuba8-no-fert-2mos-3,2,Cuba8,Roots,No,NoTill,nofert-notill,0,20524
168,4,Cuba8-no-fert-2mos-4,2,Cuba8,Roots,No,NoTill,nofert-notill,1.4,15747
175,5,Cuba8-no-fert-2mos-5,2,Cuba8,Roots,No,NoTill,nofert-notill,0.8,11613
163,6,Cuba8-no-fert-2mos-6,2,Cuba8,Roots,No,NoTill,nofert-notill,0.9,18228
172,7,Cuba8-no-fert-2mos-7,2,Cuba8,Roots,No,NoTill,nofert-notill,0.7,11406
199,8,Cuba8-no-fert-2mos-8,2,Cuba8,Roots,No,NoTill,nofert-notill,1.1,17666
165,9,Cuba8-no-fert-2mos-9,2,Cuba8,Roots,No,NoTill,nofert-notill,0.7,17926
189,1,Cuba8-no-fert-till-2mos-1,2,Cuba8,Roots,No,Till,nofert-till,1.4,10563
178,10,Cuba8-no-fert-till-2mos-10,2,Cuba8,Roots,No,Till,nofert-till,1,17250
188,2,Cuba8-no-fert-till-2mos-2,2,Cuba8,Roots,No,Till,nofert-till,0.8,15293
164,3,Cuba8-no-fert-till-2mos-3,2,Cuba8,Roots,No,Till,nofert-till,0,17156
200,4,Cuba8-no-fert-till-2mos-4,2,Cuba8,Roots,No,Till,nofert-till,1.2,16340
197,5,Cuba8-no-fert-till-2mos-5,2,Cuba8,Roots,No,Till,nofert-till,1.6,14382
179,6,Cuba8-no-fert-till-2mos-6,2,Cuba8,Roots,No,Till,nofert-till,1.3,17420
185,7,Cuba8-no-fert-till-2mos-7,2,Cuba8,Roots,No,Till,nofert-till,1.6,15938
186,8,Cuba8-no-fert-till-2mos-8,2,Cuba8,Roots,No,Till,nofert-till,0,14112
166,9,Cuba8-no-fert-till-2mos-9,2,Cuba8,Roots,No,Till,nofert-till,0,16915
258,1,DAOM197198-high-fert-2mos-1,2,DAOM197198,Roots,High,NoTill,highfert-notill,0.7,16340
247,10,DAOM197198-high-fert-2mos-10,2,DAOM197198,Roots,High,NoTill,highfert-notill,1.2,10563
280,2,DAOM197198-high-fert-2mos-2,2,DAOM197198,Roots,High,NoTill,highfert-notill,0.7,12925
282,3,DAOM197198-high-fert-2mos-3,2,DAOM197198,Roots,High,NoTill,highfert-notill,0.5,20665
274,4,DAOM197198-high-fert-2mos-4,2,DAOM197198,Roots,High,NoTill,highfert-notill,0.8,16552
249,5,DAOM197198-high-fert-2mos-5,2,DAOM197198,Roots,High,NoTill,highfert-notill,0.8,14382
262,6,DAOM197198-high-fert-2mos-6,2,DAOM197198,Roots,High,NoTill,highfert-notill,1.4,18277
244,7,DAOM197198-high-fert-2mos-7,2,DAOM197198,Roots,High,NoTill,highfert-notill,1.8,11406
246,8,DAOM197198-high-fert-2mos-8,2,DAOM197198,Roots,High,NoTill,highfert-notill,1,17059
266,9,DAOM197198-high-fert-2mos-9,2,DAOM197198,Roots,High,NoTill,highfert-notill,0,13012
242,1,DAOM197198-high-fert-till-2mos-1,2,DAOM197198,Roots,High,Till,highfert-till,1.4,12160
281,10,DAOM197198-high-fert-till-2mos-10,2,DAOM197198,Roots,High,Till,highfert-till,0,12855
239,2,DAOM197198-high-fert-till-2mos-2,2,DAOM197198,Roots,High,Till,highfert-till,1.2,14639
275,3,DAOM197198-high-fert-till-2mos-3,2,DAOM197198,Roots,High,Till,highfert-till,1.6,16219
236,4,DAOM197198-high-fert-till-2mos-4,2,DAOM197198,Roots,High,Till,highfert-till,0.6,17254
251,5,DAOM197198-high-fert-till-2mos-5,2,DAOM197198,Roots,High,Till,highfert-till,1.4,17717
259,6,DAOM197198-high-fert-till-2mos-6,2,DAOM197198,Roots,High,Till,highfert-till,1.4,15952
286,7,DAOM197198-high-fert-till-2mos-7,2,DAOM197198,Roots,High,Till,highfert-till,0.8,15852
271,8,DAOM197198-high-fert-till-2mos-8,2,DAOM197198,Roots,High,Till,highfert-till,0.5,20537
263,9,DAOM197198-high-fert-till-2mos-9,2,DAOM197198,Roots,High,Till,highfert-till,0,17261
257,1,DAOM197198-no-fert-2mos-1,2,DAOM197198,Roots,No,NoTill,nofert-notill,0,18464
245,10,DAOM197198-no-fert-2mos-10,2,DAOM197198,Roots,No,NoTill,nofert-notill,2.8,18248
254,2,DAOM197198-no-fert-2mos-2,2,DAOM197198,Roots,No,NoTill,nofert-notill,3,14493
261,3,DAOM197198-no-fert-2mos-3,2,DAOM197198,Roots,No,NoTill,nofert-notill,0,20888
268,4,DAOM197198-no-fert-2mos-4,2,DAOM197198,Roots,No,NoTill,nofert-notill,2.4,16508
272,5,DAOM197198-no-fert-2mos-5,2,DAOM197198,Roots,No,NoTill,nofert-notill,3.3,17277
277,6,DAOM197198-no-fert-2mos-6,2,DAOM197198,Roots,No,NoTill,nofert-notill,1.5,15122
255,7,DAOM197198-no-fert-2mos-7,2,DAOM197198,Roots,No,NoTill,nofert-notill,3.4,11238
250,8,DAOM197198-no-fert-2mos-8,2,DAOM197198,Roots,No,NoTill,nofert-notill,3,15676
270,9,DAOM197198-no-fert-2mos-9,2,DAOM197198,Roots,No,NoTill,nofert-notill,1.1,17425
252,1,DAOM197198-no-fert-till-2mos-1,2,DAOM197198,Roots,No,Till,nofert-till,0.7,15106
267,10,DAOM197198-no-fert-till-2mos-10,2,DAOM197198,Roots,No,Till,nofert-till,2,18597
273,2,DAOM197198-no-fert-till-2mos-2,2,DAOM197198,Roots,No,Till,nofert-till,43,18687
260,3,DAOM197198-no-fert-till-2mos-3,2,DAOM197198,Roots,No,Till,nofert-till,3.8,13855
256,4,DAOM197198-no-fert-till-2mos-4,2,DAOM197198,Roots,No,Till,nofert-till,7,14118
253,5,DAOM197198-no-fert-till-2mos-5,2,DAOM197198,Roots,No,Till,nofert-till,4,16232
265,6,DAOM197198-no-fert-till-2mos-6,2,DAOM197198,Roots,No,Till,nofert-till,1,14668
264,7,DAOM197198-no-fert-till-2mos-7,2,DAOM197198,Roots,No,Till,nofert-till,3.2,15620
269,8,DAOM197198-no-fert-till-2mos-8,2,DAOM197198,Roots,No,Till,nofert-till,2.6,18045
248,9,DAOM197198-no-fert-till-2mos-9,2,DAOM197198,Roots,No,Till,nofert-till,3.5,18651
54,1,CC4-high-fert-4mos-1,4,CC4,Roots,High,NoTill,highfert-notill,0,16908
42,10,CC4-high-fert-4mos-10,4,CC4,Roots,High,NoTill,highfert-notill,0.5,19887
58,2,CC4-high-fert-4mos-2,4,CC4,Roots,High,NoTill,highfert-notill,1,17697
62,3,CC4-high-fert-4mos-3,4,CC4,Roots,High,NoTill,highfert-notill,0.7,11690
68,4,CC4-high-fert-4mos-4,4,CC4,Roots,High,NoTill,highfert-notill,1.3,19828
72,5,CC4-high-fert-4mos-5,4,CC4,Roots,High,NoTill,highfert-notill,0,18993
83,6,CC4-high-fert-4mos-6,4,CC4,Roots,High,NoTill,highfert-notill,1.2,15831
43,7,CC4-high-fert-4mos-7,4,CC4,Roots,High,NoTill,highfert-notill,3.2,15144
39,8,CC4-high-fert-4mos-8,4,CC4,Roots,High,NoTill,highfert-notill,0,16531
78,9,CC4-high-fert-4mos-9,4,CC4,Roots,High,NoTill,highfert-notill,9,18985
67,1,CC4-high-fert-till-4mos-1,4,CC4,Roots,High,Till,highfert-till,0,17067
73,10,CC4-high-fert-till-4mos-10,4,CC4,Roots,High,Till,highfert-till,3.1,18121
61,2,CC4-high-fert-till-4mos-2,4,CC4,Roots,High,Till,highfert-till,0,15852
70,3,CC4-high-fert-till-4mos-3,4,CC4,Roots,High,Till,highfert-till,2,11176
75,4,CC4-high-fert-till-4mos-4,4,CC4,Roots,High,Till,highfert-till,3.2,17696
51,5,CC4-high-fert-till-4mos-5,4,CC4,Roots,High,Till,highfert-till,0,16219
49,6,CC4-high-fert-till-4mos-6,4,CC4,Roots,High,Till,highfert-till,1.9,17261
50,7,CC4-high-fert-till-4mos-7,4,CC4,Roots,High,Till,highfert-till,1.7,20537
63,8,CC4-high-fert-till-4mos-8,4,CC4,Roots,High,Till,highfert-till,0.7,20645
55,9,CC4-high-fert-till-4mos-9,4,CC4,Roots,High,Till,highfert-till,0,12855
46,1,CC4-no-fert-4mos-1,4,CC4,Roots,No,NoTill,nofert-notill,0.7,20888
60,10,CC4-no-fert-4mos-10,4,CC4,Roots,No,NoTill,nofert-notill,2,13622
74,2,CC4-no-fert-4mos-2,4,CC4,Roots,No,NoTill,nofert-notill,1.3,10359
66,3,CC4-no-fert-4mos-3,4,CC4,Roots,No,NoTill,nofert-notill,1,16214
48,4,CC4-no-fert-4mos-4,4,CC4,Roots,No,NoTill,nofert-notill,1.7,16508
76,5,CC4-no-fert-4mos-5,4,CC4,Roots,No,NoTill,nofert-notill,1.5,17352
69,6,CC4-no-fert-4mos-6,4,CC4,Roots,No,NoTill,nofert-notill,0.8,15808
53,7,CC4-no-fert-4mos-7,4,CC4,Roots,No,NoTill,nofert-notill,0,17277
52,8,CC4-no-fert-4mos-8,4,CC4,Roots,No,NoTill,nofert-notill,3,17425
56,9,CC4-no-fert-4mos-9,4,CC4,Roots,No,NoTill,nofert-notill,0,15122
40,1,CC4-no-fert-till-4mos-1,4,CC4,Roots,No,Till,nofert-till,2.9,15620
71,10,CC4-no-fert-till-4mos-10,4,CC4,Roots,No,Till,nofert-till,1.4,19078
82,2,CC4-no-fert-till-4mos-2,4,CC4,Roots,No,Till,nofert-till,0.9,20579
59,3,CC4-no-fert-till-4mos-3,4,CC4,Roots,No,Till,nofert-till,0,18687
57,4,CC4-no-fert-till-4mos-4,4,CC4,Roots,No,Till,nofert-till,0,18045
65,5,CC4-no-fert-till-4mos-5,4,CC4,Roots,No,Till,nofert-till,1,17787
79,6,CC4-no-fert-till-4mos-6,4,CC4,Roots,No,Till,nofert-till,0.9,20105
47,7,CC4-no-fert-till-4mos-7,4,CC4,Roots,No,Till,nofert-till,1.4,18597
64,8,CC4-no-fert-till-4mos-8,4,CC4,Roots,No,Till,nofert-till,0.9,16217
45,9,CC4-no-fert-till-4mos-9,4,CC4,Roots,No,Till,nofert-till,1,14668
30,1,Control-high-fert-2mos-1,4,Control,Roots,High,NoTill,highfert-notill,0,16072
298,10,Control-high-fert-2mos-10,4,Control,Roots,High,NoTill,highfert-notill,0,18396
33,2,Control-high-fert-2mos-2,4,Control,Roots,High,NoTill,highfert-notill,0,16558
84,3,Control-high-fert-2mos-3,4,Control,Roots,High,NoTill,highfert-notill,0,16743
125,4,Control-high-fert-2mos-4,4,Control,Roots,High,NoTill,highfert-notill,0,18780
143,5,Control-high-fert-2mos-5,4,Control,Roots,High,NoTill,highfert-notill,0,15520
176,6,Control-high-fert-2mos-6,4,Control,Roots,High,NoTill,highfert-notill,0,14275
213,7,Control-high-fert-2mos-7,4,Control,Roots,High,NoTill,highfert-notill,0,15075
241,8,Control-high-fert-2mos-8,4,Control,Roots,High,NoTill,highfert-notill,0,15239
282,9,Control-high-fert-2mos-9,4,Control,Roots,High,NoTill,highfert-notill,0,12045
25,1,Control-high-fert-till-4mos-1,4,Control,Roots,High,Till,highfert-till,0,16828
303,10,Control-high-fert-till-4mos-10,4,Control,Roots,High,Till,highfert-till,0,16915
55,2,Control-high-fert-till-4mos-2,4,Control,Roots,High,Till,highfert-till,0,14058
95,3,Control-high-fert-till-4mos-3,4,Control,Roots,High,Till,highfert-till,0,16766
128,4,Control-high-fert-till-4mos-4,4,Control,Roots,High,Till,highfert-till,0,17162
152,5,Control-high-fert-till-4mos-5,4,Control,Roots,High,Till,highfert-till,0,18421
170,6,Control-high-fert-till-4mos-6,4,Control,Roots,High,Till,highfert-till,0,15916
201,7,Control-high-fert-till-4mos-7,4,Control,Roots,High,Till,highfert-till,0,18176
239,8,Control-high-fert-till-4mos-8,4,Control,Roots,High,Till,highfert-till,0,15882
259,9,Control-high-fert-till-4mos-9,4,Control,Roots,High,Till,highfert-till,0,17156
17,1,Control-no-fert-4mos-1,4,Control,Roots,No,NoTill,nofert-notill,0,16552
296,10,Control-no-fert-4mos-10,4,Control,Roots,No,NoTill,nofert-notill,0,17059
52,2,Control-no-fert-4mos-2,4,Control,Roots,No,NoTill,nofert-notill,0,12925
74,3,Control-no-fert-4mos-3,4,Control,Roots,No,NoTill,nofert-notill,0,20665
98,4,Control-no-fert-4mos-4,4,Control,Roots,No,NoTill,nofert-notill,0,18506
130,5,Control-no-fert-4mos-5,4,Control,Roots,No,NoTill,nofert-notill,0,18228
175,6,Control-no-fert-4mos-6,4,Control,Roots,No,NoTill,nofert-notill,0,17926
214,7,Control-no-fert-4mos-7,4,Control,Roots,No,NoTill,nofert-notill,0,15075
233,8,Control-no-fert-4mos-8,4,Control,Roots,No,NoTill,nofert-notill,0,15747
270,9,Control-no-fert-4mos-9,4,Control,Roots,No,NoTill,nofert-notill,0,11406
23,1,Control-no-fert-till-4mos-1,4,Control,Roots,No,Till,nofert-till,0,17926
313,10,Control-no-fert-till-4mos-10,4,Control,Roots,No,Till,nofert-till,0,10120
57,2,Control-no-fert-till-4mos-2,4,Control,Roots,No,Till,nofert-till,0,15075
71,3,Control-no-fert-till-4mos-3,4,Control,Roots,No,Till,nofert-till,0,15747
117,4,Control-no-fert-till-4mos-4,4,Control,Roots,No,Till,nofert-till,0,11406
139,5,Control-no-fert-till-4mos-5,4,Control,Roots,No,Till,nofert-till,0,17059
164,6,Control-no-fert-till-4mos-6,4,Control,Roots,No,Till,nofert-till,0,11613
223,7,Control-no-fert-till-4mos-7,4,Control,Roots,No,Till,nofert-till,0,20524
226,8,Control-no-fert-till-4mos-8,4,Control,Roots,No,Till,nofert-till,0,15865
276,9,Control-no-fert-till-4mos-9,4,Control,Roots,No,Till,nofert-till,0,17666
205,1,Cuba8-high-fert-4mos-1,4,Cuba8,Roots,High,NoTill,highfert-notill,1.1,16915
218,10,Cuba8-high-fert-4mos-10,4,Cuba8,Roots,High,NoTill,highfert-notill,0,15938
241,2,Cuba8-high-fert-4mos-2,4,Cuba8,Roots,High,NoTill,highfert-notill,1.3,16340
222,3,Cuba8-high-fert-4mos-3,4,Cuba8,Roots,High,NoTill,highfert-notill,0.8,15293
232,4,Cuba8-high-fert-4mos-4,4,Cuba8,Roots,High,NoTill,highfert-notill,1.8,10563
220,5,Cuba8-high-fert-4mos-5,4,Cuba8,Roots,High,NoTill,highfert-notill,0,14112
207,6,Cuba8-high-fert-4mos-6,4,Cuba8,Roots,High,NoTill,highfert-notill,0.1,17250
238,7,Cuba8-high-fert-4mos-7,4,Cuba8,Roots,High,NoTill,highfert-notill,2.1,14382
213,8,Cuba8-high-fert-4mos-8,4,Cuba8,Roots,High,NoTill,highfert-notill,0.5,17420
243,9,Cuba8-high-fert-4mos-9,4,Cuba8,Roots,High,NoTill,highfert-notill,1,18277
215,1,Cuba8-high-fert-till-4mos-1,4,Cuba8,Roots,High,Till,highfert-till,0,18277
234,10,Cuba8-high-fert-till-4mos-10,4,Cuba8,Roots,High,Till,highfert-till,1.2,18506
229,2,Cuba8-high-fert-till-4mos-2,4,Cuba8,Roots,High,Till,highfert-till,0.7,16552
212,3,Cuba8-high-fert-till-4mos-3,4,Cuba8,Roots,High,Till,highfert-till,0,16340
230,4,Cuba8-high-fert-till-4mos-4,4,Cuba8,Roots,High,Till,highfert-till,0,12925
198,5,Cuba8-high-fert-till-4mos-5,4,Cuba8,Roots,High,Till,highfert-till,0.5,17059
231,6,Cuba8-high-fert-till-4mos-6,4,Cuba8,Roots,High,Till,highfert-till,0.9,20665
204,7,Cuba8-high-fert-till-4mos-7,4,Cuba8,Roots,High,Till,highfert-till,0,14382
216,8,Cuba8-high-fert-till-4mos-8,4,Cuba8,Roots,High,Till,highfert-till,0,13012
201,9,Cuba8-high-fert-till-4mos-9,4,Cuba8,Roots,High,Till,highfert-till,0.7,10563
202,1,Cuba8-no-fert-4mos-1,4,Cuba8,Roots,No,NoTill,nofert-notill,0.8,10120
228,10,Cuba8-no-fert-4mos-10,4,Cuba8,Roots,No,NoTill,nofert-notill,2.3,15916
208,2,Cuba8-no-fert-4mos-2,4,Cuba8,Roots,No,NoTill,nofert-notill,0,16828
214,3,Cuba8-no-fert-4mos-3,4,Cuba8,Roots,No,NoTill,nofert-notill,0,14058
221,4,Cuba8-no-fert-4mos-4,4,Cuba8,Roots,No,NoTill,nofert-notill,0,17162
217,5,Cuba8-no-fert-4mos-5,4,Cuba8,Roots,No,NoTill,nofert-notill,0,16766
227,6,Cuba8-no-fert-4mos-6,4,Cuba8,Roots,No,NoTill,nofert-notill,0.9,18421
206,7,Cuba8-no-fert-4mos-7,4,Cuba8,Roots,No,NoTill,nofert-notill,0.8,18178
235,8,Cuba8-no-fert-4mos-8,4,Cuba8,Roots,No,NoTill,nofert-notill,1.1,15882
233,9,Cuba8-no-fert-4mos-9,4,Cuba8,Roots,No,NoTill,nofert-notill,2,18176
211,1,Cuba8-no-fert-till-4mos-1,4,Cuba8,Roots,No,Till,nofert-till,0.5,16552
225,10,Cuba8-no-fert-till-4mos-10,4,Cuba8,Roots,No,Till,nofert-till,0.6,18228
237,2,Cuba8-no-fert-till-4mos-2,4,Cuba8,Roots,No,Till,nofert-till,1.1,15075
209,3,Cuba8-no-fert-till-4mos-3,4,Cuba8,Roots,No,Till,nofert-till,0,18277
223,4,Cuba8-no-fert-till-4mos-4,4,Cuba8,Roots,No,Till,nofert-till,0,20665
210,5,Cuba8-no-fert-till-4mos-5,4,Cuba8,Roots,No,Till,nofert-till,1.5,13012
240,6,Cuba8-no-fert-till-4mos-6,4,Cuba8,Roots,No,Till,nofert-till,1,15747
226,7,Cuba8-no-fert-till-4mos-7,4,Cuba8,Roots,No,Till,nofert-till,1.4,17926
219,8,Cuba8-no-fert-till-4mos-8,4,Cuba8,Roots,No,Till,nofert-till,0.6,12925
224,9,Cuba8-no-fert-till-4mos-9,4,Cuba8,Roots,No,Till,nofert-till,0,18506
283,1,DAOM197198-high-fert-4mos-1,4,DAOM197198,Roots,High,NoTill,highfert-notill,0.8,18506
309,10,DAOM197198-high-fert-4mos-10,4,DAOM197198,Roots,High,NoTill,highfert-notill,1.1,11406
289,2,DAOM197198-high-fert-4mos-2,4,DAOM197198,Roots,High,NoTill,highfert-notill,1.7,17926
284,3,DAOM197198-high-fert-4mos-3,4,DAOM197198,Roots,High,NoTill,highfert-notill,1.4,18228
294,4,DAOM197198-high-fert-4mos-4,4,DAOM197198,Roots,High,NoTill,highfert-notill,0.8,15075
317,5,DAOM197198-high-fert-4mos-5,4,DAOM197198,Roots,High,NoTill,highfert-notill,1.7,14600
318,6,DAOM197198-high-fert-4mos-6,4,DAOM197198,Roots,High,NoTill,highfert-notill,0.4,16505
319,7,DAOM197198-high-fert-4mos-7,4,DAOM197198,Roots,High,NoTill,highfert-notill,2,15132
298,8,DAOM197198-high-fert-4mos-8,4,DAOM197198,Roots,High,NoTill,highfert-notill,1.6,15747
315,9,DAOM197198-high-fert-4mos-9,4,DAOM197198,Roots,High,NoTill,highfert-notill,3.5,17059
299,1,DAOM197198-high-fert-till-4mos-1,4,DAOM197198,Roots,High,Till,highfert-till,0,18121
312,10,DAOM197198-high-fert-till-4mos-10,4,DAOM197198,Roots,High,Till,highfert-till,1,14082
310,2,DAOM197198-high-fert-till-4mos-2,4,DAOM197198,Roots,High,Till,highfert-till,2.5,19248
320,3,DAOM197198-high-fert-till-4mos-3,4,DAOM197198,Roots,High,Till,highfert-till,0.8,16105
287,4,DAOM197198-high-fert-till-4mos-4,4,DAOM197198,Roots,High,Till,highfert-till,0.8,20645
293,5,DAOM197198-high-fert-till-4mos-5,4,DAOM197198,Roots,High,Till,highfert-till,0.6,11176
288,6,DAOM197198-high-fert-till-4mos-6,4,DAOM197198,Roots,High,Till,highfert-till,0,17067
303,7,DAOM197198-high-fert-till-4mos-7,4,DAOM197198,Roots,High,Till,highfert-till,2.3,15746
302,8,DAOM197198-high-fert-till-4mos-8,4,DAOM197198,Roots,High,Till,highfert-till,0,11667
301,9,DAOM197198-high-fert-till-4mos-9,4,DAOM197198,Roots,High,Till,highfert-till,3.1,17696
295,1,DAOM197198-no-fert-4mos-1,4,DAOM197198,Roots,No,NoTill,nofert-notill,2.8,15808
314,10,DAOM197198-no-fert-4mos-10,4,DAOM197198,Roots,No,NoTill,nofert-notill,2.1,15945
305,2,DAOM197198-no-fert-4mos-2,4,DAOM197198,Roots,No,NoTill,nofert-notill,2.1,18047
316,3,DAOM197198-no-fert-4mos-3,4,DAOM197198,Roots,No,NoTill,nofert-notill,3.5,17367
296,4,DAOM197198-no-fert-4mos-4,4,DAOM197198,Roots,No,NoTill,nofert-notill,3,10359
307,5,DAOM197198-no-fert-4mos-5,4,DAOM197198,Roots,No,NoTill,nofert-notill,0.9,14170
297,6,DAOM197198-no-fert-4mos-6,4,DAOM197198,Roots,No,NoTill,nofert-notill,3.2,17352
285,7,DAOM197198-no-fert-4mos-7,4,DAOM197198,Roots,No,NoTill,nofert-notill,2.9,16214
304,8,DAOM197198-no-fert-4mos-8,4,DAOM197198,Roots,No,NoTill,nofert-notill,0,19076
279,9,DAOM197198-no-fert-4mos-9,4,DAOM197198,Roots,No,NoTill,nofert-notill,3.4,13622
276,1,DAOM197198-no-fert-till-4mos-1,4,DAOM197198,Roots,No,Till,nofert-till,8.4,16217
300,10,DAOM197198-no-fert-till-4mos-10,4,DAOM197198,Roots,No,Till,nofert-till,1.4,20444
278,2,DAOM197198-no-fert-till-4mos-2,4,DAOM197198,Roots,No,Till,nofert-till,1.3,17787
311,3,DAOM197198-no-fert-till-4mos-3,4,DAOM197198,Roots,No,Till,nofert-till,1.5,14234
308,4,DAOM197198-no-fert-till-4mos-4,4,DAOM197198,Roots,No,Till,nofert-till,2.4,14366
292,5,DAOM197198-no-fert-till-4mos-5,4,DAOM197198,Roots,No,Till,nofert-till,0,20579
306,6,DAOM197198-no-fert-till-4mos-6,4,DAOM197198,Roots,No,Till,nofert-till,3.3,20233
313,7,DAOM197198-no-fert-till-4mos-7,4,DAOM197198,Roots,No,Till,nofert-till,1.5,12518
290,8,DAOM197198-no-fert-till-4mos-8,4,DAOM197198,Roots,No,Till,nofert-till,2.8,19078
291,9,DAOM197198-no-fert-till-4mos-9,4,DAOM197198,Roots,No,Till,nofert-till,2.2,20105
22,1,CC4-high-fert-2mos-1,2,CC4,Soil,High,NoTill,highfert-notill,0,16072
13,10,CC4-high-fert-2mos-10,2,CC4,Soil,High,NoTill,highfert-notill,0,18037
33,2,CC4-high-fert-2mos-2,2,CC4,Soil,High,NoTill,highfert-notill,4.1,18780
27,3,CC4-high-fert-2mos-3,2,CC4,Soil,High,NoTill,highfert-notill,0,16558
8,4,CC4-high-fert-2mos-4,2,CC4,Soil,High,NoTill,highfert-notill,0,18440
5,5,CC4-high-fert-2mos-5,2,CC4,Soil,High,NoTill,highfert-notill,0.7,19176
9,6,CC4-high-fert-2mos-6,2,CC4,Soil,High,NoTill,highfert-notill,34,12490
19,7,CC4-high-fert-2mos-7,2,CC4,Soil,High,NoTill,highfert-notill,0,18936
30,8,CC4-high-fert-2mos-8,2,CC4,Soil,High,NoTill,highfert-notill,3.9,16743
36,9,CC4-high-fert-2mos-9,2,CC4,Soil,High,NoTill,highfert-notill,15,15520
12,1,CC4-high-fert-till-2mos-1,2,CC4,Soil,High,Till,highfert-till,0.8,10120
10,10,CC4-high-fert-till-2mos-10,2,CC4,Soil,High,Till,highfert-till,0,15865
15,2,CC4-high-fert-till-2mos-2,2,CC4,Soil,High,Till,highfert-till,0,18178
11,3,CC4-high-fert-till-2mos-3,2,CC4,Soil,High,Till,highfert-till,0,17666
21,4,CC4-high-fert-till-2mos-4,2,CC4,Soil,High,Till,highfert-till,0,14058
34,5,CC4-high-fert-till-2mos-5,2,CC4,Soil,High,Till,highfert-till,3.2,17162
25,6,CC4-high-fert-till-2mos-6,2,CC4,Soil,High,Till,highfert-till,0,16766
7,7,CC4-high-fert-till-2mos-7,2,CC4,Soil,High,Till,highfert-till,0,20524
16,8,CC4-high-fert-till-2mos-8,2,CC4,Soil,High,Till,highfert-till,0,16828
38,9,CC4-high-fert-till-2mos-9,2,CC4,Soil,High,Till,highfert-till,8,18421
26,1,CC4-no-fert-2mos-1,2,CC4,Soil,No,NoTill,nofert-notill,85,16552
32,10,CC4-no-fert-2mos-10,2,CC4,Soil,No,NoTill,nofert-notill,15,20665
44,2,CC4-no-fert-2mos-2,2,CC4,Soil,No,NoTill,nofert-notill,1.6,18228
41,3,CC4-no-fert-2mos-3,2,CC4,Soil,No,NoTill,nofert-notill,15,18506
4,4,CC4-no-fert-2mos-4,2,CC4,Soil,No,NoTill,nofert-notill,0.7,14382
18,5,CC4-no-fert-2mos-5,2,CC4,Soil,No,NoTill,nofert-notill,0,18277
24,6,CC4-no-fert-2mos-6,2,CC4,Soil,No,NoTill,nofert-notill,0.7,13012
17,7,CC4-no-fert-2mos-7,2,CC4,Soil,No,NoTill,nofert-notill,0,16340
3,8,CC4-no-fert-2mos-8,2,CC4,Soil,No,NoTill,nofert-notill,29,10563
28,9,CC4-no-fert-2mos-9,2,CC4,Soil,No,NoTill,nofert-notill,0,12925
2,1,CC4-no-fert-till-2mos-1,2,CC4,Soil,No,Till,nofert-till,69,15187
29,10,CC4-no-fert-till-2mos-10,2,CC4,Soil,No,Till,nofert-till,0,19887
35,2,CC4-no-fert-till-2mos-2,2,CC4,Soil,No,Till,nofert-till,9,16908
14,3,CC4-no-fert-till-2mos-3,2,CC4,Soil,No,Till,nofert-till,0,15144
6,4,CC4-no-fert-till-2mos-4,2,CC4,Soil,No,Till,nofert-till,0,16797
37,5,CC4-no-fert-till-2mos-5,2,CC4,Soil,No,Till,nofert-till,2.5,17697
23,6,CC4-no-fert-till-2mos-6,2,CC4,Soil,No,Till,nofert-till,0.7,16531
31,7,CC4-no-fert-till-2mos-7,2,CC4,Soil,No,Till,nofert-till,0.8,15144
1,8,CC4-no-fert-till-2mos-8,2,CC4,Soil,No,Till,nofert-till,0,15413
20,9,CC4-no-fert-till-2mos-9,2,CC4,Soil,No,Till,nofert-till,0,18037
13,1,Control-high-fert-2mos-1,2,Control,Soil,High,NoTill,highfert-notill,0,17254
289,10,Control-high-fert-2mos-10,2,Control,Soil,High,NoTill,highfert-notill,0,15852
42,2,Control-high-fert-2mos-2,2,Control,Soil,High,NoTill,highfert-notill,0,14639
78,3,Control-high-fert-2mos-3,2,Control,Soil,High,NoTill,highfert-notill,0,12160
120,4,Control-high-fert-2mos-4,2,Control,Soil,High,NoTill,highfert-notill,0,17717
154,5,Control-high-fert-2mos-5,2,Control,Soil,High,NoTill,highfert-notill,0,15952
184,6,Control-high-fert-2mos-6,2,Control,Soil,High,NoTill,highfert-notill,0,17261
220,7,Control-high-fert-2mos-7,2,Control,Soil,High,NoTill,highfert-notill,0,20537
238,8,Control-high-fert-2mos-8,2,Control,Soil,High,NoTill,highfert-notill,0,16219
274,9,Control-high-fert-2mos-9,2,Control,Soil,High,NoTill,highfert-notill,0,12855
15,1,Control-high-fert-till-2mos-1,2,Control,Soil,High,Till,highfert-till,0,18248
301,10,Control-high-fert-till-2mos-10,2,Control,Soil,High,Till,highfert-till,0,15122
34,2,Control-high-fert-till-2mos-2,2,Control,Soil,High,Till,highfert-till,0,15676
70,3,Control-high-fert-till-2mos-3,2,Control,Soil,High,Till,highfert-till,0,14493
114,4,Control-high-fert-till-2mos-4,2,Control,Soil,High,Till,highfert-till,0,11238
160,5,Control-high-fert-till-2mos-5,2,Control,Soil,High,Till,highfert-till,0,18464
173,6,Control-high-fert-till-2mos-6,2,Control,Soil,High,Till,highfert-till,0,20888
198,7,Control-high-fert-till-2mos-7,2,Control,Soil,High,Till,highfert-till,0,16508
251,8,Control-high-fert-till-2mos-8,2,Control,Soil,High,Till,highfert-till,0,17425
275,9,Control-high-fert-till-2mos-9,2,Control,Soil,High,Till,highfert-till,0,17277
28,1,Control-no-fert-2mos-1,2,Control,Soil,No,NoTill,nofert-notill,0,18651
316,10,Control-no-fert-2mos-10,2,Control,Soil,No,NoTill,nofert-notill,0,18687
56,2,Control-no-fert-2mos-2,2,Control,Soil,No,NoTill,nofert-notill,0,15106
85,3,Control-no-fert-2mos-3,2,Control,Soil,No,NoTill,nofert-notill,0,16232
118,4,Control-no-fert-2mos-4,2,Control,Soil,No,NoTill,nofert-notill,0,14118
137,5,Control-no-fert-2mos-5,2,Control,Soil,No,NoTill,nofert-notill,0,13855
168,6,Control-no-fert-2mos-6,2,Control,Soil,No,NoTill,nofert-notill,0,15620
217,7,Control-no-fert-2mos-7,2,Control,Soil,No,NoTill,nofert-notill,0,14668
227,8,Control-no-fert-2mos-8,2,Control,Soil,No,NoTill,nofert-notill,0,18597
277,9,Control-no-fert-2mos-9,2,Control,Soil,No,NoTill,nofert-notill,0,18045
20,1,Control-no-fert-till-2mos-1,2,Control,Soil,No,Till,nofert-till,0,19176
291,10,Control-no-fert-till-2mos-10,2,Control,Soil,No,Till,nofert-till,0,15520
45,2,Control-no-fert-till-2mos-2,2,Control,Soil,No,Till,nofert-till,0,18440
90,3,Control-no-fert-till-2mos-3,2,Control,Soil,No,Till,nofert-till,0,12490
97,4,Control-no-fert-till-2mos-4,2,Control,Soil,No,Till,nofert-till,0,18037
151,5,Control-no-fert-till-2mos-5,2,Control,Soil,No,Till,nofert-till,0,18936
166,6,Control-no-fert-till-2mos-6,2,Control,Soil,No,Till,nofert-till,0,16072
211,7,Control-no-fert-till-2mos-7,2,Control,Soil,No,Till,nofert-till,0,16558
237,8,Control-no-fert-till-2mos-8,2,Control,Soil,No,Till,nofert-till,0,16743
273,9,Control-no-fert-till-2mos-9,2,Control,Soil,No,Till,nofert-till,0,18780
169,1,Cuba8-high-fert-2mos-1,2,Cuba8,Soil,High,NoTill,highfert-notill,0.7,15865
203,10,Cuba8-high-fert-2mos-10,2,Cuba8,Soil,High,NoTill,highfert-notill,6.1,18421
171,2,Cuba8-high-fert-2mos-2,2,Cuba8,Soil,High,NoTill,highfert-notill,0,17666
176,3,Cuba8-high-fert-2mos-3,2,Cuba8,Soil,High,NoTill,highfert-notill,0.7,10120
184,4,Cuba8-high-fert-2mos-4,2,Cuba8,Soil,High,NoTill,highfert-notill,0,14058
180,5,Cuba8-high-fert-2mos-5,2,Cuba8,Soil,High,NoTill,highfert-notill,0,16828
161,6,Cuba8-high-fert-2mos-6,2,Cuba8,Soil,High,NoTill,highfert-notill,0,20524
192,7,Cuba8-high-fert-2mos-7,2,Cuba8,Soil,High,NoTill,highfert-notill,1.5,16766
177,8,Cuba8-high-fert-2mos-8,2,Cuba8,Soil,High,NoTill,highfert-notill,0,18178
196,9,Cuba8-high-fert-2mos-9,2,Cuba8,Soil,High,NoTill,highfert-notill,1.7,17162
183,1,Cuba8-high-fert-till-2mos-1,2,Cuba8,Soil,High,Till,highfert-till,0,16552
193,10,Cuba8-high-fert-till-2mos-10,2,Cuba8,Soil,High,Till,highfert-till,17,18506
181,2,Cuba8-high-fert-till-2mos-2,2,Cuba8,Soil,High,Till,highfert-till,0,18277
162,3,Cuba8-high-fert-till-2mos-3,2,Cuba8,Soil,High,Till,highfert-till,3.4,10563
191,4,Cuba8-high-fert-till-2mos-4,2,Cuba8,Soil,High,Till,highfert-till,0,20665
194,5,Cuba8-high-fert-till-2mos-5,2,Cuba8,Soil,High,Till,highfert-till,12,18228
173,6,Cuba8-high-fert-till-2mos-6,2,Cuba8,Soil,High,Till,highfert-till,0.7,16340
170,7,Cuba8-high-fert-till-2mos-7,2,Cuba8,Soil,High,Till,highfert-till,0,14382
182,8,Cuba8-high-fert-till-2mos-8,2,Cuba8,Soil,High,Till,highfert-till,0.8,13012
187,9,Cuba8-high-fert-till-2mos-9,2,Cuba8,Soil,High,Till,highfert-till,0,12925
195,1,Cuba8-no-fert-2mos-1,2,Cuba8,Soil,No,NoTill,nofert-notill,3.1,16908
167,10,Cuba8-no-fert-2mos-10,2,Cuba8,Soil,No,NoTill,nofert-notill,0.7,16797
174,2,Cuba8-no-fert-2mos-2,2,Cuba8,Soil,No,NoTill,nofert-notill,0.7,16531
190,3,Cuba8-no-fert-2mos-3,2,Cuba8,Soil,No,NoTill,nofert-notill,0,15144
168,4,Cuba8-no-fert-2mos-4,2,Cuba8,Soil,No,NoTill,nofert-notill,1.4,15144
175,5,Cuba8-no-fert-2mos-5,2,Cuba8,Soil,No,NoTill,nofert-notill,0.8,19887
163,6,Cuba8-no-fert-2mos-6,2,Cuba8,Soil,No,NoTill,nofert-notill,0.9,15413
172,7,Cuba8-no-fert-2mos-7,2,Cuba8,Soil,No,NoTill,nofert-notill,0.7,18037
199,8,Cuba8-no-fert-2mos-8,2,Cuba8,Soil,No,NoTill,nofert-notill,4.1,17697
165,9,Cuba8-no-fert-2mos-9,2,Cuba8,Soil,No,NoTill,nofert-notill,0.7,15187
189,1,Cuba8-no-fert-till-2mos-1,2,Cuba8,Soil,No,Till,nofert-till,1.4,16219
178,10,Cuba8-no-fert-till-2mos-10,2,Cuba8,Soil,No,Till,nofert-till,0,12160
188,2,Cuba8-no-fert-till-2mos-2,2,Cuba8,Soil,No,Till,nofert-till,0.8,20537
164,3,Cuba8-no-fert-till-2mos-3,2,Cuba8,Soil,No,Till,nofert-till,0,17254
200,4,Cuba8-no-fert-till-2mos-4,2,Cuba8,Soil,No,Till,nofert-till,9.2,15852
197,5,Cuba8-no-fert-till-2mos-5,2,Cuba8,Soil,No,Till,nofert-till,2.6,12855
179,6,Cuba8-no-fert-till-2mos-6,2,Cuba8,Soil,No,Till,nofert-till,0,17717
185,7,Cuba8-no-fert-till-2mos-7,2,Cuba8,Soil,No,Till,nofert-till,0,15952
186,8,Cuba8-no-fert-till-2mos-8,2,Cuba8,Soil,No,Till,nofert-till,0,17261
166,9,Cuba8-no-fert-till-2mos-9,2,Cuba8,Soil,No,Till,nofert-till,0,14639
258,1,DAOM197198-high-fert-2mos-1,2,DAOM197198,Soil,High,NoTill,highfert-notill,0.7,18464
247,10,DAOM197198-high-fert-2mos-10,2,DAOM197198,Soil,High,NoTill,highfert-notill,1.2,14493
280,2,DAOM197198-high-fert-2mos-2,2,DAOM197198,Soil,High,NoTill,highfert-notill,0.7,17277
282,3,DAOM197198-high-fert-2mos-3,2,DAOM197198,Soil,High,NoTill,highfert-notill,44,15122
274,4,DAOM197198-high-fert-2mos-4,2,DAOM197198,Soil,High,NoTill,highfert-notill,38,17425
249,5,DAOM197198-high-fert-2mos-5,2,DAOM197198,Soil,High,NoTill,highfert-notill,158,11238
262,6,DAOM197198-high-fert-2mos-6,2,DAOM197198,Soil,High,NoTill,highfert-notill,34,20888
244,7,DAOM197198-high-fert-2mos-7,2,DAOM197198,Soil,High,NoTill,highfert-notill,2.8,18248
246,8,DAOM197198-high-fert-2mos-8,2,DAOM197198,Soil,High,NoTill,highfert-notill,1,15676
266,9,DAOM197198-high-fert-2mos-9,2,DAOM197198,Soil,High,NoTill,highfert-notill,0,16508
242,1,DAOM197198-high-fert-till-2mos-1,2,DAOM197198,Soil,High,Till,highfert-till,44,16232
281,10,DAOM197198-high-fert-till-2mos-10,2,DAOM197198,Soil,High,Till,highfert-till,0,18045
239,2,DAOM197198-high-fert-till-2mos-2,2,DAOM197198,Soil,High,Till,highfert-till,162,15106
275,3,DAOM197198-high-fert-till-2mos-3,2,DAOM197198,Soil,High,Till,highfert-till,36,18597
236,4,DAOM197198-high-fert-till-2mos-4,2,DAOM197198,Soil,High,Till,highfert-till,3.6,18651
251,5,DAOM197198-high-fert-till-2mos-5,2,DAOM197198,Soil,High,Till,highfert-till,1.4,14118
259,6,DAOM197198-high-fert-till-2mos-6,2,DAOM197198,Soil,High,Till,highfert-till,1.4,13855
286,7,DAOM197198-high-fert-till-2mos-7,2,DAOM197198,Soil,High,Till,highfert-till,0.8,18687
271,8,DAOM197198-high-fert-till-2mos-8,2,DAOM197198,Soil,High,Till,highfert-till,35,14668
263,9,DAOM197198-high-fert-till-2mos-9,2,DAOM197198,Soil,High,Till,highfert-till,0,15620
257,1,DAOM197198-no-fert-2mos-1,2,DAOM197198,Soil,No,NoTill,nofert-notill,0,18936
245,10,DAOM197198-no-fert-2mos-10,2,DAOM197198,Soil,No,NoTill,nofert-notill,2.8,19176
254,2,DAOM197198-no-fert-2mos-2,2,DAOM197198,Soil,No,NoTill,nofert-notill,34,12490
261,3,DAOM197198-no-fert-2mos-3,2,DAOM197198,Soil,No,NoTill,nofert-notill,0,16072
268,4,DAOM197198-no-fert-2mos-4,2,DAOM197198,Soil,No,NoTill,nofert-notill,42,16558
272,5,DAOM197198-no-fert-2mos-5,2,DAOM197198,Soil,No,NoTill,nofert-notill,3.3,18780
277,6,DAOM197198-no-fert-2mos-6,2,DAOM197198,Soil,No,NoTill,nofert-notill,1.5,15520
255,7,DAOM197198-no-fert-2mos-7,2,DAOM197198,Soil,No,NoTill,nofert-notill,47,18037
250,8,DAOM197198-no-fert-2mos-8,2,DAOM197198,Soil,No,NoTill,nofert-notill,39,18440
270,9,DAOM197198-no-fert-2mos-9,2,DAOM197198,Soil,No,NoTill,nofert-notill,11,16743
252,1,DAOM197198-no-fert-till-2mos-1,2,DAOM197198,Soil,No,Till,nofert-till,0.7,15865
267,10,DAOM197198-no-fert-till-2mos-10,2,DAOM197198,Soil,No,Till,nofert-till,10,16766
273,2,DAOM197198-no-fert-till-2mos-2,2,DAOM197198,Soil,No,Till,nofert-till,43,18421
260,3,DAOM197198-no-fert-till-2mos-3,2,DAOM197198,Soil,No,Till,nofert-till,38,18178
256,4,DAOM197198-no-fert-till-2mos-4,2,DAOM197198,Soil,No,Till,nofert-till,72,10120
253,5,DAOM197198-no-fert-till-2mos-5,2,DAOM197198,Soil,No,Till,nofert-till,40,17666
265,6,DAOM197198-no-fert-till-2mos-6,2,DAOM197198,Soil,No,Till,nofert-till,1,14058
264,7,DAOM197198-no-fert-till-2mos-7,2,DAOM197198,Soil,No,Till,nofert-till,32,16828
269,8,DAOM197198-no-fert-till-2mos-8,2,DAOM197198,Soil,No,Till,nofert-till,16,17162
248,9,DAOM197198-no-fert-till-2mos-9,2,DAOM197198,Soil,No,Till,nofert-till,35,20524
54,1,CC4-high-fert-4mos-1,4,CC4,Soil,High,NoTill,highfert-notill,0,12045
42,10,CC4-high-fert-4mos-10,4,CC4,Soil,High,NoTill,highfert-notill,0,15075
58,2,CC4-high-fert-4mos-2,4,CC4,Soil,High,NoTill,highfert-notill,0,18396
62,3,CC4-high-fert-4mos-3,4,CC4,Soil,High,NoTill,highfert-notill,0.7,15775
68,4,CC4-high-fert-4mos-4,4,CC4,Soil,High,NoTill,highfert-notill,6.3,18555
72,5,CC4-high-fert-4mos-5,4,CC4,Soil,High,NoTill,highfert-notill,0,15562
83,6,CC4-high-fert-4mos-6,4,CC4,Soil,High,NoTill,highfert-notill,8.2,11613
43,7,CC4-high-fert-4mos-7,4,CC4,Soil,High,NoTill,highfert-notill,3.2,15239
39,8,CC4-high-fert-4mos-8,4,CC4,Soil,High,NoTill,highfert-notill,0,14275
78,9,CC4-high-fert-4mos-9,4,CC4,Soil,High,NoTill,highfert-notill,9,15045
67,1,CC4-high-fert-till-4mos-1,4,CC4,Soil,High,Till,highfert-till,0,17420
73,10,CC4-high-fert-till-4mos-10,4,CC4,Soil,High,Till,highfert-till,31,14112
61,2,CC4-high-fert-till-4mos-2,4,CC4,Soil,High,Till,highfert-till,0,16915
70,3,CC4-high-fert-till-4mos-3,4,CC4,Soil,High,Till,highfert-till,2,15938
75,4,CC4-high-fert-till-4mos-4,4,CC4,Soil,High,Till,highfert-till,3.2,15293
51,5,CC4-high-fert-till-4mos-5,4,CC4,Soil,High,Till,highfert-till,0,15882
49,6,CC4-high-fert-till-4mos-6,4,CC4,Soil,High,Till,highfert-till,3.9,15916
50,7,CC4-high-fert-till-4mos-7,4,CC4,Soil,High,Till,highfert-till,37,18176
63,8,CC4-high-fert-till-4mos-8,4,CC4,Soil,High,Till,highfert-till,0.7,17250
55,9,CC4-high-fert-till-4mos-9,4,CC4,Soil,High,Till,highfert-till,0,17156
46,1,CC4-no-fert-4mos-1,4,CC4,Soil,No,NoTill,nofert-notill,0.7,17926
60,10,CC4-no-fert-4mos-10,4,CC4,Soil,No,NoTill,nofert-notill,0,18253
74,2,CC4-no-fert-4mos-2,4,CC4,Soil,No,NoTill,nofert-notill,7.3,16270
66,3,CC4-no-fert-4mos-3,4,CC4,Soil,No,NoTill,nofert-notill,0,17761
48,4,CC4-no-fert-4mos-4,4,CC4,Soil,No,NoTill,nofert-notill,1.7,15075
76,5,CC4-no-fert-4mos-5,4,CC4,Soil,No,NoTill,nofert-notill,2.5,16186
69,6,CC4-no-fert-4mos-6,4,CC4,Soil,No,NoTill,nofert-notill,8,17369
53,7,CC4-no-fert-4mos-7,4,CC4,Soil,No,NoTill,nofert-notill,0,11406
52,8,CC4-no-fert-4mos-8,4,CC4,Soil,No,NoTill,nofert-notill,313,15747
56,9,CC4-no-fert-4mos-9,4,CC4,Soil,No,NoTill,nofert-notill,0,17059
40,1,CC4-no-fert-till-4mos-1,4,CC4,Soil,No,Till,nofert-till,2.9,11690
71,10,CC4-no-fert-till-4mos-10,4,CC4,Soil,No,Till,nofert-till,1.4,14600
82,2,CC4-no-fert-till-4mos-2,4,CC4,Soil,No,Till,nofert-till,9,15132
59,3,CC4-no-fert-till-4mos-3,4,CC4,Soil,No,Till,nofert-till,0,15831
57,4,CC4-no-fert-till-4mos-4,4,CC4,Soil,No,Till,nofert-till,0,18985
65,5,CC4-no-fert-till-4mos-5,4,CC4,Soil,No,Till,nofert-till,0,15631
79,6,CC4-no-fert-till-4mos-6,4,CC4,Soil,No,Till,nofert-till,4.9,16505
47,7,CC4-no-fert-till-4mos-7,4,CC4,Soil,No,Till,nofert-till,14,18993
64,8,CC4-no-fert-till-4mos-8,4,CC4,Soil,No,Till,nofert-till,0,18020
45,9,CC4-no-fert-till-4mos-9,4,CC4,Soil,No,Till,nofert-till,10,19828
30,1,Control-high-fert-2mos-1,4,Control,Soil,High,NoTill,highfert-notill,0,20645
298,10,Control-high-fert-2mos-10,4,Control,Soil,High,NoTill,highfert-notill,0,16105
33,2,Control-high-fert-2mos-2,4,Control,Soil,High,NoTill,highfert-notill,0,17067
84,3,Control-high-fert-2mos-3,4,Control,Soil,High,NoTill,highfert-notill,0,11176
125,4,Control-high-fert-2mos-4,4,Control,Soil,High,NoTill,highfert-notill,0,18121
143,5,Control-high-fert-2mos-5,4,Control,Soil,High,NoTill,highfert-notill,0,17696
176,6,Control-high-fert-2mos-6,4,Control,Soil,High,NoTill,highfert-notill,0,11667
213,7,Control-high-fert-2mos-7,4,Control,Soil,High,NoTill,highfert-notill,0,15746
241,8,Control-high-fert-2mos-8,4,Control,Soil,High,NoTill,highfert-notill,0,19248
282,9,Control-high-fert-2mos-9,4,Control,Soil,High,NoTill,highfert-notill,0,14082
25,1,Control-high-fert-till-4mos-1,4,Control,Soil,High,Till,highfert-till,0,13622
303,10,Control-high-fert-till-4mos-10,4,Control,Soil,High,Till,highfert-till,0,17367
55,2,Control-high-fert-till-4mos-2,4,Control,Soil,High,Till,highfert-till,0,16214
95,3,Control-high-fert-till-4mos-3,4,Control,Soil,High,Till,highfert-till,0,15808
128,4,Control-high-fert-till-4mos-4,4,Control,Soil,High,Till,highfert-till,0,10359
152,5,Control-high-fert-till-4mos-5,4,Control,Soil,High,Till,highfert-till,0,17352
170,6,Control-high-fert-till-4mos-6,4,Control,Soil,High,Till,highfert-till,0,19076
201,7,Control-high-fert-till-4mos-7,4,Control,Soil,High,Till,highfert-till,0,18047
239,8,Control-high-fert-till-4mos-8,4,Control,Soil,High,Till,highfert-till,0,14170
259,9,Control-high-fert-till-4mos-9,4,Control,Soil,High,Till,highfert-till,0,15945
17,1,Control-no-fert-4mos-1,4,Control,Soil,No,NoTill,nofert-notill,0,16217
296,10,Control-no-fert-4mos-10,4,Control,Soil,No,NoTill,nofert-notill,0,12518
52,2,Control-no-fert-4mos-2,4,Control,Soil,No,NoTill,nofert-notill,0,17787
74,3,Control-no-fert-4mos-3,4,Control,Soil,No,NoTill,nofert-notill,0,19078
98,4,Control-no-fert-4mos-4,4,Control,Soil,No,NoTill,nofert-notill,0,20105
130,5,Control-no-fert-4mos-5,4,Control,Soil,No,NoTill,nofert-notill,0,20579
175,6,Control-no-fert-4mos-6,4,Control,Soil,No,NoTill,nofert-notill,0,20444
214,7,Control-no-fert-4mos-7,4,Control,Soil,No,NoTill,nofert-notill,0,20233
233,8,Control-no-fert-4mos-8,4,Control,Soil,No,NoTill,nofert-notill,0,14366
270,9,Control-no-fert-4mos-9,4,Control,Soil,No,NoTill,nofert-notill,0,14234
23,1,Control-no-fert-till-4mos-1,4,Control,Soil,No,Till,nofert-till,0,14275
313,10,Control-no-fert-till-4mos-10,4,Control,Soil,No,Till,nofert-till,0,11613
57,2,Control-no-fert-till-4mos-2,4,Control,Soil,No,Till,nofert-till,0,15075
71,3,Control-no-fert-till-4mos-3,4,Control,Soil,No,Till,nofert-till,0,15239
117,4,Control-no-fert-till-4mos-4,4,Control,Soil,No,Till,nofert-till,0,12045
139,5,Control-no-fert-till-4mos-5,4,Control,Soil,No,Till,nofert-till,0,18396
164,6,Control-no-fert-till-4mos-6,4,Control,Soil,No,Till,nofert-till,0,15775
223,7,Control-no-fert-till-4mos-7,4,Control,Soil,No,Till,nofert-till,0,18555
226,8,Control-no-fert-till-4mos-8,4,Control,Soil,No,Till,nofert-till,0,15562
276,9,Control-no-fert-till-4mos-9,4,Control,Soil,No,Till,nofert-till,0,15045
205,1,Cuba8-high-fert-4mos-1,4,Cuba8,Soil,High,NoTill,highfert-notill,7.1,15916
218,10,Cuba8-high-fert-4mos-10,4,Cuba8,Soil,High,NoTill,highfert-notill,0,17156
241,2,Cuba8-high-fert-4mos-2,4,Cuba8,Soil,High,NoTill,highfert-notill,1.3,14112
222,3,Cuba8-high-fert-4mos-3,4,Cuba8,Soil,High,NoTill,highfert-notill,0.8,17250
232,4,Cuba8-high-fert-4mos-4,4,Cuba8,Soil,High,NoTill,highfert-notill,4.8,17420
220,5,Cuba8-high-fert-4mos-5,4,Cuba8,Soil,High,NoTill,highfert-notill,0,16915
207,6,Cuba8-high-fert-4mos-6,4,Cuba8,Soil,High,NoTill,highfert-notill,0,18176
238,7,Cuba8-high-fert-4mos-7,4,Cuba8,Soil,High,NoTill,highfert-notill,2.1,15938
213,8,Cuba8-high-fert-4mos-8,4,Cuba8,Soil,High,NoTill,highfert-notill,0,15882
243,9,Cuba8-high-fert-4mos-9,4,Cuba8,Soil,High,NoTill,highfert-notill,10,15293
215,1,Cuba8-high-fert-till-4mos-1,4,Cuba8,Soil,High,Till,highfert-till,0,17059
234,10,Cuba8-high-fert-till-4mos-10,4,Cuba8,Soil,High,Till,highfert-till,12,16186
229,2,Cuba8-high-fert-till-4mos-2,4,Cuba8,Soil,High,Till,highfert-till,0.7,17761
212,3,Cuba8-high-fert-till-4mos-3,4,Cuba8,Soil,High,Till,highfert-till,0,11406
230,4,Cuba8-high-fert-till-4mos-4,4,Cuba8,Soil,High,Till,highfert-till,0,17369
198,5,Cuba8-high-fert-till-4mos-5,4,Cuba8,Soil,High,Till,highfert-till,5.5,17926
231,6,Cuba8-high-fert-till-4mos-6,4,Cuba8,Soil,High,Till,highfert-till,39,16270
204,7,Cuba8-high-fert-till-4mos-7,4,Cuba8,Soil,High,Till,highfert-till,0,15747
216,8,Cuba8-high-fert-till-4mos-8,4,Cuba8,Soil,High,Till,highfert-till,0,18253
201,9,Cuba8-high-fert-till-4mos-9,4,Cuba8,Soil,High,Till,highfert-till,0.7,15075
202,1,Cuba8-no-fert-4mos-1,4,Cuba8,Soil,No,NoTill,nofert-notill,0.8,11690
228,10,Cuba8-no-fert-4mos-10,4,Cuba8,Soil,No,NoTill,nofert-notill,2.3,14600
208,2,Cuba8-no-fert-4mos-2,4,Cuba8,Soil,No,NoTill,nofert-notill,0,18993
214,3,Cuba8-no-fert-4mos-3,4,Cuba8,Soil,No,NoTill,nofert-notill,0,18985
221,4,Cuba8-no-fert-4mos-4,4,Cuba8,Soil,No,NoTill,nofert-notill,0,18020
217,5,Cuba8-no-fert-4mos-5,4,Cuba8,Soil,No,NoTill,nofert-notill,0,15831
227,6,Cuba8-no-fert-4mos-6,4,Cuba8,Soil,No,NoTill,nofert-notill,0.9,15631
206,7,Cuba8-no-fert-4mos-7,4,Cuba8,Soil,No,NoTill,nofert-notill,0.8,19828
235,8,Cuba8-no-fert-4mos-8,4,Cuba8,Soil,No,NoTill,nofert-notill,7.1,15132
233,9,Cuba8-no-fert-4mos-9,4,Cuba8,Soil,No,NoTill,nofert-notill,2,16505
211,1,Cuba8-no-fert-till-4mos-1,4,Cuba8,Soil,No,Till,nofert-till,0,11176
225,10,Cuba8-no-fert-till-4mos-10,4,Cuba8,Soil,No,Till,nofert-till,0.6,15746
237,2,Cuba8-no-fert-till-4mos-2,4,Cuba8,Soil,No,Till,nofert-till,21,14082
209,3,Cuba8-no-fert-till-4mos-3,4,Cuba8,Soil,No,Till,nofert-till,0,20645
223,4,Cuba8-no-fert-till-4mos-4,4,Cuba8,Soil,No,Till,nofert-till,0,17696
210,5,Cuba8-no-fert-till-4mos-5,4,Cuba8,Soil,No,Till,nofert-till,0,17067
240,6,Cuba8-no-fert-till-4mos-6,4,Cuba8,Soil,No,Till,nofert-till,10,16105
226,7,Cuba8-no-fert-till-4mos-7,4,Cuba8,Soil,No,Till,nofert-till,1.4,19248
219,8,Cuba8-no-fert-till-4mos-8,4,Cuba8,Soil,No,Till,nofert-till,0,18121
224,9,Cuba8-no-fert-till-4mos-9,4,Cuba8,Soil,No,Till,nofert-till,0,11667
283,1,DAOM197198-high-fert-4mos-1,4,DAOM197198,Soil,High,NoTill,highfert-notill,38,13622
309,10,DAOM197198-high-fert-4mos-10,4,DAOM197198,Soil,High,NoTill,highfert-notill,1.1,19076
289,2,DAOM197198-high-fert-4mos-2,4,DAOM197198,Soil,High,NoTill,highfert-notill,37,15808
284,3,DAOM197198-high-fert-4mos-3,4,DAOM197198,Soil,High,NoTill,highfert-notill,1.4,16214
294,4,DAOM197198-high-fert-4mos-4,4,DAOM197198,Soil,High,NoTill,highfert-notill,0.8,10359
317,5,DAOM197198-high-fert-4mos-5,4,DAOM197198,Soil,High,NoTill,highfert-notill,1.7,14170
318,6,DAOM197198-high-fert-4mos-6,4,DAOM197198,Soil,High,NoTill,highfert-notill,5.4,15945
319,7,DAOM197198-high-fert-4mos-7,4,DAOM197198,Soil,High,NoTill,highfert-notill,2,17367
298,8,DAOM197198-high-fert-4mos-8,4,DAOM197198,Soil,High,NoTill,highfert-notill,26,17352
315,9,DAOM197198-high-fert-4mos-9,4,DAOM197198,Soil,High,NoTill,highfert-notill,3.5,18047
299,1,DAOM197198-high-fert-till-4mos-1,4,DAOM197198,Soil,High,Till,highfert-till,0,20105
312,10,DAOM197198-high-fert-till-4mos-10,4,DAOM197198,Soil,High,Till,highfert-till,10,14234
310,2,DAOM197198-high-fert-till-4mos-2,4,DAOM197198,Soil,High,Till,highfert-till,2.5,14366
320,3,DAOM197198-high-fert-till-4mos-3,4,DAOM197198,Soil,High,Till,highfert-till,0.8,12518
287,4,DAOM197198-high-fert-till-4mos-4,4,DAOM197198,Soil,High,Till,highfert-till,38,16217
293,5,DAOM197198-high-fert-till-4mos-5,4,DAOM197198,Soil,High,Till,highfert-till,0.6,19078
288,6,DAOM197198-high-fert-till-4mos-6,4,DAOM197198,Soil,High,Till,highfert-till,0,17787
303,7,DAOM197198-high-fert-till-4mos-7,4,DAOM197198,Soil,High,Till,highfert-till,2.3,20233
302,8,DAOM197198-high-fert-till-4mos-8,4,DAOM197198,Soil,High,Till,highfert-till,0,20444
301,9,DAOM197198-high-fert-till-4mos-9,4,DAOM197198,Soil,High,Till,highfert-till,31,20579
295,1,DAOM197198-no-fert-4mos-1,4,DAOM197198,Soil,No,NoTill,nofert-notill,28,15239
314,10,DAOM197198-no-fert-4mos-10,4,DAOM197198,Soil,No,NoTill,nofert-notill,2.1,15045
305,2,DAOM197198-no-fert-4mos-2,4,DAOM197198,Soil,No,NoTill,nofert-notill,2.1,18555
316,3,DAOM197198-no-fert-4mos-3,4,DAOM197198,Soil,No,NoTill,nofert-notill,35,11613
296,4,DAOM197198-no-fert-4mos-4,4,DAOM197198,Soil,No,NoTill,nofert-notill,37,12045
307,5,DAOM197198-no-fert-4mos-5,4,DAOM197198,Soil,No,NoTill,nofert-notill,49,15562
297,6,DAOM197198-no-fert-4mos-6,4,DAOM197198,Soil,No,NoTill,nofert-notill,32,18396
285,7,DAOM197198-no-fert-4mos-7,4,DAOM197198,Soil,No,NoTill,nofert-notill,2.9,15075
304,8,DAOM197198-no-fert-4mos-8,4,DAOM197198,Soil,No,NoTill,nofert-notill,0,15775
279,9,DAOM197198-no-fert-4mos-9,4,DAOM197198,Soil,No,NoTill,nofert-notill,36,14275
276,1,DAOM197198-no-fert-till-4mos-1,4,DAOM197198,Soil,No,Till,nofert-till,8.4,15916
300,10,DAOM197198-no-fert-till-4mos-10,4,DAOM197198,Soil,No,Till,nofert-till,6.4,17250
278,2,DAOM197198-no-fert-till-4mos-2,4,DAOM197198,Soil,No,Till,nofert-till,139,18176
311,3,DAOM197198-no-fert-till-4mos-3,4,DAOM197198,Soil,No,Till,nofert-till,1.5,14112
308,4,DAOM197198-no-fert-till-4mos-4,4,DAOM197198,Soil,No,Till,nofert-till,44,15938
292,5,DAOM197198-no-fert-till-4mos-5,4,DAOM197198,Soil,No,Till,nofert-till,0,16915
306,6,DAOM197198-no-fert-till-4mos-6,4,DAOM197198,Soil,No,Till,nofert-till,33,17420
313,7,DAOM197198-no-fert-till-4mos-7,4,DAOM197198,Soil,No,Till,nofert-till,1.5,15293
290,8,DAOM197198-no-fert-till-4mos-8,4,DAOM197198,Soil,No,Till,nofert-till,28,15882
291,9,DAOM197198-no-fert-till-4mos-9,4,DAOM197198,Soil,No,Till,nofert-till,2.2,17156